{
  "cognitiveModels": {
    "en-us": {
      "dispatchModel": {
        "id": "General",
        "appid": "Add LUIS App ID",
        "name": "LUIS App Name",
        "endpoint": "LUIS endpoint",
        "version": "1.0",
        "region": "LUIS app region",
        "authoringkey": "LUIS authoring key",
        "subscriptionkey": "LUIS subscription key"
      },
      "languageModels": [
        {
          "id": "",
          "appid": "",
          "name": "",
          "endpoint": "",
          "version": "",
          "region": "",
          "authoringkey": "",
          "subscriptionkey": ""
        }
      ],
      "knowledgebases": [
        {
          "id": "Faq",
          "kbId": "QnA KB ID",
          "name": "",
          "hostname": "QnA hostname",
          "endpointKey": "QnA endpointkey",
          "subscriptionKey": "QnA subscription key"
        }
      ]
    }
  },
  "defaultLocale": "en-us"
}