{
  "$schema": "https://schema.management.azure.com/schemas/2015-01-01/deploymentParameters.json#",
  "contentVersion": "1.0.0.0",
  "parameters": {
    "useCosmosDb": {
      "value": false
    },
    "useStorage": {
      "value": false
    },
    "useContentModerator": {
      "value": false
    },
    "appServicePlanSku": {
      "value": {
        "tier": "Free",
        "name": "F1"
      }
    },
    "botServiceSku": {
      "value": "F0"
    },
    "luisPredictionSku": {
      "value": "F0"
    },
    "qnaMakerServiceLocation": {
      "value": "westus"
    },
    "qnaMakerServiceSku": {
      "value": "F0"
    },
    "qnaMakerSearchSku": {
      "value": "free"
    }
  }
}